{"CSM": 12.828438430077924, "ACONT": 12.828438430077872, "ICDH": 12.82843843007781, "AKGD": 12.828438430077854, "SUCOAS": 12.828438430077867, "SUCD": 12.828438430077854, "FUM": 12.828438430077886, "MDH": 12.828438430077833, "GAPD": 12.828438430077803, "PGK": 12.828438430077817, "TPI": 4.9335902848007676, "FBA": 4.933590284800757, "PYK": 12.828438430077808, "PGM": 12.828438430077805, "ENO": 12.828438430077819, "HEX1": 7.894848145277095, "PGI": -0.9889254361518386, "PFK": 4.933590284800781, "PYRt2M": 12.828438430077819, "PDH": 12.828438430077808, "G6PDH": 8.883773581428915, "PGL": 8.883773581428915, "GND": 8.883773581428878, "RPE": 5.922515720952608, "RPI": 2.961257860476304, "TKT1": 2.9612578604763047, "TALA": 2.961257860476302, "TKT2": 2.961257860476302, "GOGAT": -1.11022302462516e-16}