{"CSM": 1.0, "ACONT": 1.0, "ICDH": 1.0, "AKGD": 1.0, "SUCOAS": 1.0, "SUCD": 1.0, "FUM": 1.0, "MDH": 1.0, "GAPD": 0.0012379400392853806, "PGK": 0.001934281311383407, "TPI": 1.0, "FBA": 1.0, "PYK": 0.002417851639229259, "PGM": 0.002417851639229259, "ENO": 1.0, "HEX1": 6.739986666787664e-08, "PGI": 1.0, "PFK": 1.0, "PYRt2M": 1.0, "PDH": 1.0, "G6PDH": 0.4096, "PGL": 0.512, "GND": 1.0, "RPE": 1.0, "RPI": 1.0, "TKT1": 1.0, "TALA": 1.0, "TKT2": 1.0, "GOGAT": 1.0}